name,url,city,title,description,duration,location
1. Ciudad Perdida,https://www.tripadvisor.co/Attraction_Review-g297484-d315403-Reviews-Ciudad_Perdida-Santa_Marta_Santa_Marta_Municipality_Magdalena_Department.html,SantaMarta,Ciudad Perdida,,Más de 3 horas,El Mamey Sierra Nevada Santa Marta Santa Marta Municipality 470007 Colombia
2. Playa Cristal,https://www.tripadvisor.co/Attraction_Review-g297484-d4437448-Reviews-Playa_Cristal-Santa_Marta_Santa_Marta_Municipality_Magdalena_Department.html,SantaMarta,Playa Cristal,,,
3. Quinta de San Pedro Alejandrino,https://www.tripadvisor.co/Attraction_Review-g297484-d315407-Reviews-Quinta_de_San_Pedro_Alejandrino-Santa_Marta_Santa_Marta_Municipality_Magdalena_Dep.html,SantaMarta,Quinta de San Pedro Alejandrino,,1-2 horas,Av. del Libertador sin numero Quinta de San Pedro Alejandrino Santa Marta Santa Marta Municipality 470001 Colombia
Ver boletos,https://www.tripadvisor.co/Attraction_Review-g297484-d315407-Reviews-Quinta_de_San_Pedro_Alejandrino-Santa_Marta_Santa_Marta_Municipality_Magdalena_Dep.html#SHOW_TICKETS,SantaMarta,Quinta de San Pedro Alejandrino,,1-2 horas,Av. del Libertador sin numero Quinta de San Pedro Alejandrino Santa Marta Santa Marta Municipality 470001 Colombia
4. Parque de Los Novios,https://www.tripadvisor.co/Attraction_Review-g297484-d2086571-Reviews-Parque_de_Los_Novios-Santa_Marta_Santa_Marta_Municipality_Magdalena_Department.html,SantaMarta,Parque de Los Novios,,,
5. Museo del Oro Tairona - Casa de la Aduana,https://www.tripadvisor.co/Attraction_Review-g297484-d7218677-Reviews-Museo_del_Oro_Tairona_Casa_de_la_Aduana-Santa_Marta_Santa_Marta_Municipality_Magd.html,SantaMarta,Museo del Oro Tairona - Casa de la Aduana,Una extraordinaria colección y una exposición que pone en contexto el patrimonio cultural en una hermosa casa colonial restaurada invitan a explorar el pasado y el presente de Santa Marta del departamento del Magdalena y de la Sierra Nevada de Santa Marta.,1-2 horas,Carrera 2 con Calle 14 Parque Bolivar Santa Marta Santa Marta Municipality 470004 Colombia
6. Playa Blanca,https://www.tripadvisor.co/Attraction_Review-g297484-d1985839-Reviews-Playa_Blanca-Santa_Marta_Santa_Marta_Municipality_Magdalena_Department.html,SantaMarta,Playa Blanca,,,
7. Bahía Concha,https://www.tripadvisor.co/Attraction_Review-g297484-d5504510-Reviews-Bahia_Concha-Santa_Marta_Santa_Marta_Municipality_Magdalena_Department.html,SantaMarta,Bahía Concha,,,
8. Cascadas de Quebrada Valencia,https://www.tripadvisor.co/Attraction_Review-g297484-d6823047-Reviews-Valencia_Brook_s_Waterfalls-Santa_Marta_Santa_Marta_Municipality_Magdalena_Depart.html,SantaMarta,Cascadas de Quebrada Valencia,,,
9. Catedral de Santa Marta,https://www.tripadvisor.co/Attraction_Review-g297484-d6501847-Reviews-Catedral_de_Santa_Marta-Santa_Marta_Santa_Marta_Municipality_Magdalena_Department.html,SantaMarta,Catedral de Santa Marta,,,Carrera 17 14 Santa Marta Santa Marta Municipality 470004 Colombia
10. Rio Don Diego,https://www.tripadvisor.co/Attraction_Review-g297484-d7265582-Reviews-Rio_Don_Diego-Santa_Marta_Santa_Marta_Municipality_Magdalena_Department.html,SantaMarta,Rio Don Diego,,,
11. Acuario Mundo Marino,https://www.tripadvisor.co/Attraction_Review-g297484-d4474245-Reviews-Acuario_Mundo_Marino-Santa_Marta_Santa_Marta_Municipality_Magdalena_Department.html,SantaMarta,Acuario Mundo Marino,Acuario Mundo Marino cuenta con la exhibición de mas de 276 especies marinas entre ellas tiburones rayas caballitos de mar estrellas de mar pulpos entre otras. El recorrido en el acuario es totalmente guiado y dura aproximadamente 45 minutos. Lunes-miercoles-viernes a las 4:00pm: Alimentación de tiburones y peces. ¡Te Esperamos!,< 1 hora,Carrera 2 # 11-68 El Rodadero Santa Marta Santa Marta Municipality 470001 Colombia
12. Ensenada de Chengue,https://www.tripadvisor.co/Attraction_Review-g297484-d3432714-Reviews-Ensenada_de_Chengue-Santa_Marta_Santa_Marta_Municipality_Magdalena_Department.html,SantaMarta,Ensenada de Chengue,,,
13. Centro Comercial Zazué Plaza,https://www.tripadvisor.co/Attraction_Review-g297484-d12172399-Reviews-Centro_Comercial_Zazue_Plaza-Santa_Marta_Santa_Marta_Municipality_Magdalena_Depa.html,SantaMarta,Centro Comercial Zazué Plaza,,1-2 horas,Carrera 7 116A - 94 Sector de Bello Horizonte Santa Marta Santa Marta Municipality 470004 Colombia
14. Buritaca,https://www.tripadvisor.co/Attraction_Review-g297484-d9811597-Reviews-Buritaca-Santa_Marta_Santa_Marta_Municipality_Magdalena_Department.html,SantaMarta,Buritaca,,2-3 horas,
15. Nabusimake,https://www.tripadvisor.co/Attraction_Review-g297484-d3595743-Reviews-Nabusimake-Santa_Marta_Santa_Marta_Municipality_Magdalena_Department.html,SantaMarta,Nabusimake,,,calle 17 No. 8 14 Santa Marta Santa Marta Municipality 00001 Colombia
16. Centro Historico de Santa Marta,https://www.tripadvisor.co/Attraction_Review-g297484-d10332922-Reviews-Centro_Historico_de_Santa_Marta-Santa_Marta_Santa_Marta_Municipality_Magdalena_D.html,SantaMarta,Centro Historico de Santa Marta,,2-3 horas,
17. Playa Bello Horizonte,https://www.tripadvisor.co/Attraction_Review-g297484-d13507501-Reviews-Playa_Bello_Horizonte-Santa_Marta_Santa_Marta_Municipality_Magdalena_Department.html,SantaMarta,Playa Bello Horizonte,,,
18. Quebrada Valencia,https://www.tripadvisor.co/Attraction_Review-g297484-d4154047-Reviews-Quebrada_Valencia-Santa_Marta_Santa_Marta_Municipality_Magdalena_Department.html,SantaMarta,Quebrada Valencia,,,
19. Paseo El Camellón,https://www.tripadvisor.co/Attraction_Review-g297484-d7728916-Reviews-Paseo_El_Camellon-Santa_Marta_Santa_Marta_Municipality_Magdalena_Department.html,SantaMarta,Paseo El Camellón,,,
20. Playa Neguanje,https://www.tripadvisor.co/Attraction_Review-g297484-d9986817-Reviews-Playa_Neguanje-Santa_Marta_Santa_Marta_Municipality_Magdalena_Department.html,SantaMarta,Playa Neguanje,,Más de 3 horas,Playa de las 7 Olas Via Ingreso Parque Tairona Parque Nacional Natural Tayrona Santa Marta Santa Marta Municipality 470007 Colombia
21. Artesanías Santiago,https://www.tripadvisor.co/Attraction_Review-g297484-d26136948-Reviews-Artesanias_Santiago-Santa_Marta_Santa_Marta_Municipality_Magdalena_Department.html,SantaMarta,Artesanías Santiago,,,
22. Rodadero Playa Salguero,https://www.tripadvisor.co/Attraction_Review-g297484-d8403765-Reviews-Playa_Salguero-Santa_Marta_Santa_Marta_Municipality_Magdalena_Department.html,SantaMarta,Rodadero Playa Salguero,,2-3 horas,
23. Marina Santa Marta,https://www.tripadvisor.co/Attraction_Review-g297484-d12916911-Reviews-Marina_Santa_Marta-Santa_Marta_Santa_Marta_Municipality_Magdalena_Department.html,SantaMarta,Marina Santa Marta,,Más de 3 horas,Carrera 1 N°22-93 Santa Marta Santa Marta Municipality 470004 Colombia
24. Carlos El Pibe Valderrama Statue,https://www.tripadvisor.co/Attraction_Review-g297484-d4723696-Reviews-Carlos_El_Pibe_Valderrama_Statue-Santa_Marta_Santa_Marta_Municipality_Magdalena_D.html,SantaMarta,Carlos El Pibe Valderrama Statue,,,
25. Mamancana Private Game Reserve,https://www.tripadvisor.co/Attraction_Review-g297484-d6218789-Reviews-Mamancana_Private_Game_Reserve-Santa_Marta_Santa_Marta_Municipality_Magdalena_Dep.html,SantaMarta,Mamancana Private Game Reserve,,Incluye animalesObtén más información sobre el bienestar animal en el turismo,
26. Centro Comercial Buenavista,https://www.tripadvisor.co/Attraction_Review-g297484-d8853806-Reviews-Centro_Comercial_Buenavista-Santa_Marta_Santa_Marta_Municipality_Magdalena_Depart.html,SantaMarta,Centro Comercial Buenavista,,,Calle 2 9a # 9A-14 Santa Marta Santa Marta Municipality 470001 Colombia
27. Universidad del Magdalena,https://www.tripadvisor.co/Attraction_Review-g297484-d7389206-Reviews-Universidad_del_Magdalena-Santa_Marta_Santa_Marta_Municipality_Magdalena_Departme.html,SantaMarta,Universidad del Magdalena,La Universidad del Magdalena (UNIMAGDALENA) localizada en la ciudad portuaria de Santa Marta en la costa Caribe Colombiana es una Institución de Educación Superior pública Acreditada por Alta Calidad por el Ministerio de Educación Nacional. UNIMAGDALENA es reconocida por su excelencia en investigación y la tradición de servicio al público de la región y el país. La institución es la Universidad más antigua socialmente incluyente y académicamente comprehensiva de un Departamento distinguido por su extraordinario legado natural histórico y cultural reconocido mundialmente como lugar de nacimiento y crianza del Nobel Gabriel García Marquez así como es el trasfondo real de su obra cumbre “Cien Años de Soledad”. UNIMAGDALENA ofrece 24 programas de pregrado y 23 de postgrado (19 programas de maestría y 4 de doctorado) en las Facultades de Ingeniería Ciencias Básicas Ciencias de la Educación Ciencias de la Salud Humanidades y la Facultad de Ciencias Empresariales y Económicas.,1-2 horas,Carrera 32 No 22 – 08 Santa Marta Santa Marta Municipality 470004 Colombia
28. Centro Comercial Arrecife,https://www.tripadvisor.co/Attraction_Review-g297484-d8657737-Reviews-Centro_Comercial_Arrecife-Santa_Marta_Santa_Marta_Municipality_Magdalena_Departme.html,SantaMarta,Centro Comercial Arrecife,,2-3 horas,Carrera 4 # 11A-119 Santa Marta Santa Marta Municipality 470001 Colombia
29. Parque del Agua,https://www.tripadvisor.co/Attraction_Review-g297484-d13346934-Reviews-Parque_del_Agua-Santa_Marta_Santa_Marta_Municipality_Magdalena_Department.html,SantaMarta,Parque del Agua,,,
30. Parque Camellón Rodrigo de Bastidas,https://www.tripadvisor.co/Attraction_Review-g297484-d6501868-Reviews-Parque_Camellon_Rodrigo_de_Bastidas-Santa_Marta_Santa_Marta_Municipality_Magdalen.html,SantaMarta,Parque Camellón Rodrigo de Bastidas,,,
31. Iglesia de San Francisco de Asis,https://www.tripadvisor.co/Attraction_Review-g297484-d7029330-Reviews-Iglesia_de_San_Francisco_de_Asis-Santa_Marta_Santa_Marta_Municipality_Magdalena_D.html,SantaMarta,Iglesia de San Francisco de Asis,,,
32. Plaza Parque Simon Bolivar,https://www.tripadvisor.co/Attraction_Review-g297484-d7728851-Reviews-Plaza_Parque_Simon_Bolivar-Santa_Marta_Santa_Marta_Municipality_Magdalena_Departm.html,SantaMarta,Plaza Parque Simon Bolivar,,,
33. Costeño Beach,https://www.tripadvisor.co/Attraction_Review-g297484-d12800221-Reviews-Costeno_Beach-Santa_Marta_Santa_Marta_Municipality_Magdalena_Department.html,SantaMarta,Costeño Beach,,,
34. Cerro Kennedy,https://www.tripadvisor.co/Attraction_Review-g297484-d12682885-Reviews-Cerro_Kennedy-Santa_Marta_Santa_Marta_Municipality_Magdalena_Department.html,SantaMarta,Cerro Kennedy,,Más de 3 horas,
35. Alcaldia de Santa Marta,https://www.tripadvisor.co/Attraction_Review-g297484-d10357992-Reviews-Alcaldia_de_Santa_Marta-Santa_Marta_Santa_Marta_Municipality_Magdalena_Departmen.html,SantaMarta,Alcaldia de Santa Marta,,< 1 hora,
36. Playa Cabo Tortuga,https://www.tripadvisor.co/Attraction_Review-g297484-d25209337-Reviews-Playa_Cabo_Tortuga-Santa_Marta_Santa_Marta_Municipality_Magdalena_Department.html,SantaMarta,Playa Cabo Tortuga,,Más de 3 horas,
37. Parroquia de Nuestra Señora de la Medalla Milagrosa,https://www.tripadvisor.co/Attraction_Review-g297484-d7932890-Reviews-Parroquia_de_Nuestra_Senora_de_la_Medalla_Milagrosa-Santa_Marta_Santa_Marta_Munic.html,SantaMarta,Parroquia de Nuestra Señora de la Medalla Milagrosa,,,
38. Taximarino,https://www.tripadvisor.co/Attraction_Review-g297484-d12877523-Reviews-Taximarino-Santa_Marta_Santa_Marta_Municipality_Magdalena_Department.html,SantaMarta,Taximarino,,Más de 3 horas,Carrera 1 #7-69 El Rodadero Santa Marta Santa Marta Municipality 470006 Colombia
39. Iglesia San Jeronimo,https://www.tripadvisor.co/Attraction_Review-g297484-d7935914-Reviews-Iglesia_San_Jeronimo-Santa_Marta_Santa_Marta_Municipality_Magdalena_Department.html,SantaMarta,Iglesia San Jeronimo,,,
40. Bahia de Santa Marta,https://www.tripadvisor.co/Attraction_Review-g297484-d16693696-Reviews-Bahia_de_Santa_Marta-Santa_Marta_Santa_Marta_Municipality_Magdalena_Department.html,SantaMarta,Bahia de Santa Marta,,1-2 horas,Bahía Santa Marta Santa Marta Municipality 470002 Colombia
41. El Saltillo,https://www.tripadvisor.co/Attraction_Review-g297484-d10698515-Reviews-El_Saltillo-Santa_Marta_Santa_Marta_Municipality_Magdalena_Department.html,SantaMarta,El Saltillo,,2-3 horas,
42. Ocean Mall,https://www.tripadvisor.co/Attraction_Review-g297484-d8853804-Reviews-Ocean_Mall-Santa_Marta_Santa_Marta_Municipality_Magdalena_Department.html,SantaMarta,Ocean Mall,,,
43. Ciénaga Grande de Santa Marta,https://www.tripadvisor.co/Attraction_Review-g297484-d10412777-Reviews-Cienaga_Grande_de_Santa_Marta-Santa_Marta_Santa_Marta_Municipality_Magdalena_Dep.html,SantaMarta,Ciénaga Grande de Santa Marta,,Más de 3 horas,
44. Playa Cinto,https://www.tripadvisor.co/Attraction_Review-g297484-d23073418-Reviews-Playa_Cinto-Santa_Marta_Santa_Marta_Municipality_Magdalena_Department.html,SantaMarta,Playa Cinto,,,
45. La Cocoteria,https://www.tripadvisor.co/Attraction_Review-g297484-d25370095-Reviews-La_Cocoteria-Santa_Marta_Santa_Marta_Municipality_Magdalena_Department.html,SantaMarta,La Cocoteria,,,
46. Agencia Operadora de Viajes TQ,https://www.tripadvisor.co/Attraction_Review-g297484-d14913445-Reviews-Agencia_Operadora_de_Viajes_TQ-Santa_Marta_Santa_Marta_Municipality_Magdalena_De.html,SantaMarta,Agencia Operadora de Viajes TQ,Somos una empresa operadora de viajes especializada en el sector de transporte turístico ubicada en la ciudad de Santa Marta. Contamos con una flota de 5 vehículos que se podrán ajustar fácilmente a cualquier necesidad que nuestros clientes precisen. Actualmente cubrimos rutas que llegan y salen desde la ciudad de Santa Marta a cualquier lugar de la costa Caribe.,1-2 horas,Cl. 25 #32b-50 Santa Marta Santa Marta Municipality 470003 Colombia
47. Monumento Tayrona,https://www.tripadvisor.co/Attraction_Review-g297484-d16726669-Reviews-Monumento_Tayrona-Santa_Marta_Santa_Marta_Municipality_Magdalena_Department.html,SantaMarta,Monumento Tayrona,,< 1 hora,
48. AURELIA PUB°HOSTING,https://www.tripadvisor.co/Attraction_Review-g297484-d25062842-Reviews-AURELIA_PUB_HOSTING-Santa_Marta_Santa_Marta_Municipality_Magdalena_Department.html,SantaMarta,AURELIA PUB°HOSTING,¿Que es un PUB • HOSTING?Es un local público en el que se sirven bebidas alcoholicas y comidas. El uso del término «bar» para un local de estas características es más común en Irlanda que en el Reino Unido. En 1635 había 1180 pubs licenciados en Dublín. A comienzos del siglo XX los pubs eran locales de venta de alcohol y conservaban VALORES tales como:1. Honestidad. Éste es el Valor que más importancia tiene el pub de AURELIA...2.Preguntarnos Constantemente. ¿Qué es lo que quiere el cliente?3.Calidad de todo el proceso.4.Ofrecemos Sensaciones Agradables.5.Vocación y Perfeccionismo.6.Respetar la jornada diurna y permitir a los clientes currar mientras toman birra 7.HUMILDAD Y ahora ¿porque HOSTING? hospedate aqui y veras la sencilla magia de vivir en un pequeño party hostel,1-2 horas,Calle 21 #3-105 Casa Verde con dibujo afuera de un brazo y una planta de enebro Santa Marta Santa Marta Municipality 470004 Colombia
49. Casa Buena Cultura,https://www.tripadvisor.co/Attraction_Review-g297484-d16870053-Reviews-Casa_Buena_Cultura-Santa_Marta_Santa_Marta_Municipality_Magdalena_Department.html,SantaMarta,Casa Buena Cultura,,Más de 3 horas,Calle 14 7 40 Centro Historico Santa Marta Santa Marta Municipality 470004 Colombia
50. Crab's Bar,https://www.tripadvisor.co/Attraction_Review-g297484-d4366787-Reviews-Crab_s_Bar-Santa_Marta_Santa_Marta_Municipality_Magdalena_Department.html,SantaMarta,Crab's Bar,,,
51. San Miguel Cemetery,https://www.tripadvisor.co/Attraction_Review-g297484-d13457763-Reviews-San_Miguel_Cemetery-Santa_Marta_Santa_Marta_Municipality_Magdalena_Department.html,SantaMarta,San Miguel Cemetery,,< 1 hora,Calle 20 7A-25 Santa Marta Santa Marta Municipality 470001 Colombia
52. Centro Recreacional la y de Veracruz,https://www.tripadvisor.co/Attraction_Review-g297484-d12611330-Reviews-Centro_Recreacional_la_y_de_Veracruz-Santa_Marta_Santa_Marta_Municipality_Magdal.html,SantaMarta,Centro Recreacional la y de Veracruz,Piscina-Restaurante Abierto al publico Diversion Adultos y niños juegos de azar y descanso para olvidarse de la ciudad,Más de 3 horas,
53. Centro Comercial Plaza Milan,https://www.tripadvisor.co/Attraction_Review-g297484-d19719329-Reviews-Centro_Comercial_Plaza_Milan-Santa_Marta_Santa_Marta_Municipality_Magdalena_Depa.html,SantaMarta,Centro Comercial Plaza Milan,centro comercial con parqueadero tenemos spa  tienda de maquillaje arte religioso licorera buffet de abogados entre otros,1-2 horas,Carrera 12 22 87 Santa Marta Santa Marta Municipality 470004 Colombia
54. Expotur,https://www.tripadvisor.co/Attraction_Review-g297484-d6429839-Reviews-Expotur-Santa_Marta_Santa_Marta_Municipality_Magdalena_Department.html,SantaMarta,Expotur,,,
55. Complejo Acuático Bolivariano,https://www.tripadvisor.co/Attraction_Review-g297484-d15214357-Reviews-Complejo_Acuatico_Bolivariano-Santa_Marta_Santa_Marta_Municipality_Magdalena_Dep.html,SantaMarta,Complejo Acuático Bolivariano,,,
56. Plan B - farm to table,https://www.tripadvisor.co/Attraction_Review-g297484-d25377674-Reviews-Plan_B_farm_to_table-Santa_Marta_Santa_Marta_Municipality_Magdalena_Department.html,SantaMarta,Plan B - farm to table,,Más de 3 horas,
57. El Watusi Poderoso,https://www.tripadvisor.co/Attraction_Review-g297484-d13160544-Reviews-El_Watusi_Poderoso-Santa_Marta_Santa_Marta_Municipality_Magdalena_Department.html,SantaMarta,El Watusi Poderoso,El bar restaurante Poderoso de Santa Marta. Te ofrecemos los mejores cocktails Gin tonics y Margaritas originales mexicanos así como un ambiente tropical de dos niveles y un amplio espacio al aire libre. Nuestra comida es tradicional y Callejera Mexicana con los originales Chilaquiles Nachos Tortas Tacos y Esquites además de nuestras deliciosas Papas Endiabladas. El toque dulce lo traen muestras Malteadas americanas bubble wafles bubble teas donas y nuestros famosos drunkies (deliciosos raspados con bolitas explosivas). Los Martes y Miércoles te ofrecemos un ambiente relajado con juegos de mesa Maquinas Arcade Retro y música de los 80's 90's y 2000. Los fines de semana nuestros DJs locales te pondrán a bailar toda la noche con la mejor música tropical retro y urbana. Si estas buscando salsa brava y merengue esta será tu escapada favorita!,Más de 3 horas,Calle 19 # 3 56 Santa Marta Santa Marta Municipality 470004 Colombia
58. Charlies Bar Santa Marta,https://www.tripadvisor.co/Attraction_Review-g297484-d6207201-Reviews-Charlies_Bar_Santa_Marta-Santa_Marta_Santa_Marta_Municipality_Magdalena_Departmen.html,SantaMarta,Charlies Bar Santa Marta,El bar gringo mas cool de Santa Marta! Vente para compartir con tus amigos o para conocer unos nuevos. Aca se escucha musica de blues a rock a funk hasta electronica. Los Sabados tenemos DJ en Vivo! Se puede jugar Beer Pong Flippy Cup y Jenga Gigante! Pizza esta disponible toda la noche ;) para esos munchies! Te esperamos!,2-3 horas,Calle 19 Carrera 4 - 12 Santa Marta Santa Marta Municipality 60076 Colombia
59. Playa Sisiguaca,https://www.tripadvisor.co/Attraction_Review-g297484-d23070300-Reviews-Playa_Sisiguaca-Santa_Marta_Santa_Marta_Municipality_Magdalena_Department.html,SantaMarta,Playa Sisiguaca,,,
60. Parque Deportivo Bolivariano,https://www.tripadvisor.co/Attraction_Review-g297484-d15214358-Reviews-Parque_Deportivo_Bolivariano-Santa_Marta_Santa_Marta_Municipality_Magdalena_Depa.html,SantaMarta,Parque Deportivo Bolivariano,,,
91. Eivissa Santa Marta,https://www.tripadvisor.co/Attraction_Review-g297484-d12166825-Reviews-Eivissa_Santa_Marta-Santa_Marta_Santa_Marta_Municipality_Magdalena_Department.html,SantaMarta,Eivissa Santa Marta,,Más de 3 horas,Cll 19 2A 19 Parque de los Novios Santa Marta Santa Marta Santa Marta Municipality 470004 Colombia
92. Bukap Travels,https://www.tripadvisor.co/Attraction_Review-g297484-d16811301-Reviews-Bukap_Travels-Santa_Marta_Santa_Marta_Municipality_Magdalena_Department.html,SantaMarta,Bukap Travels,,,
93. Baquianos Travel,https://www.tripadvisor.co/Attraction_Review-g297484-d7185342-Reviews-Baquianos_Travel-Santa_Marta_Santa_Marta_Municipality_Magdalena_Department.html,SantaMarta,Baquianos Travel,,,
94. Travesia Pro Agency,https://www.tripadvisor.co/Attraction_Review-g297484-d18928249-Reviews-Travesia_Pro_Agency-Santa_Marta_Santa_Marta_Municipality_Magdalena_Department.html,SantaMarta,Travesia Pro Agency,,,
95. Casa Ama,https://www.tripadvisor.co/Attraction_Review-g297484-d24115278-Reviews-Casa_Ama-Santa_Marta_Santa_Marta_Municipality_Magdalena_Department.html,SantaMarta,Casa Ama,,,
96. Son de la Sierra Bar,https://www.tripadvisor.co/Attraction_Review-g297484-d10744271-Reviews-Son_de_la_Sierra_Bar-Santa_Marta_Santa_Marta_Municipality_Magdalena_Department.html,SantaMarta,Son de la Sierra Bar,Un local acogedor. Dos ambientes: terraza con parasoles y vista a una de las calles más transitadas del Rodadero; salón con A/c y salon de baile.,Más de 3 horas,CLl 8 No 2-34 Local 2Rodadero Santa Marta Santa Marta Municipality 470003 Colombia
97. MangoRock Bar,https://www.tripadvisor.co/Attraction_Review-g297484-d19241888-Reviews-MangoRock_Bar-Santa_Marta_Santa_Marta_Municipality_Magdalena_Department.html,SantaMarta,MangoRock Bar,,Más de 3 horas,Calle 21 3 21 Santa Marta Santa Marta Municipality 470004 Colombia
98. Hey Taxi Santa Marta,https://www.tripadvisor.co/Attraction_Review-g297484-d17534962-Reviews-Hey_Taxi_Santa_Marta-Santa_Marta_Santa_Marta_Municipality_Magdalena_Department.html,SantaMarta,Hey Taxi Santa Marta,,,Av. Libertado 27 195 local 13 Santa Marta Santa Marta Municipality 470004 Colombia
99. Don Basilio,https://www.tripadvisor.co/Attraction_Review-g297484-d25113150-Reviews-Don_Basilio-Santa_Marta_Santa_Marta_Municipality_Magdalena_Department.html,SantaMarta,Don Basilio,,Más de 3 horas,Calle 13 No 3 Centro Historico Santa Marta Santa Marta Municipality 470001 Colombia
100. Wiwa Tour - Ciudad Perdida Colombia,https://www.tripadvisor.co/Attraction_Review-g297484-d4727015-Reviews-Wiwa_Tours-Santa_Marta_Santa_Marta_Municipality_Magdalena_Department.html,SantaMarta,Wiwa Tour - Ciudad Perdida Colombia,,,
101. Salsa & Café,https://www.tripadvisor.co/Attraction_Review-g297484-d8379674-Reviews-Salsa_Cafe-Santa_Marta_Santa_Marta_Municipality_Magdalena_Department.html,SantaMarta,Salsa & Café,Bar de salsa para escuchar y bailar salsa de los años 80 Todo tipo de salsa preferiblemente salsa dura: Cubana puertorriqueña colombiana venezolana New york,1-2 horas,
102. La Basilica Yoga Studio & Boutique,https://www.tripadvisor.co/Attraction_Review-g297484-d10618200-Reviews-La_Basilica_Yoga_Studio_Boutique-Santa_Marta_Santa_Marta_Municipality_Magdalena_.html,SantaMarta,La Basilica Yoga Studio & Boutique,,1-2 horas,Calle 16 # 4-73 2nd Floor Plaza de la Catedral Santa Marta Santa Marta Municipality 470004 Colombia
103. Yo Amo Santa Marta,https://www.tripadvisor.co/Attraction_Review-g297484-d9564842-Reviews-Yo_Amo_Santa_Marta-Santa_Marta_Santa_Marta_Municipality_Magdalena_Department.html,SantaMarta,Yo Amo Santa Marta,Ven y visitanos y llévate un pedacito de Santa Marta representado por un lindo novedoso y moderno souvenirs de calidad.,< 1 hora,Carrera 3 8 13 Santa Marta Santa Marta Municipality 470001 Colombia
104. CafeMax,https://www.tripadvisor.co/Attraction_Review-g297484-d8353600-Reviews-CafeMax-Santa_Marta_Santa_Marta_Municipality_Magdalena_Department.html,SantaMarta,CafeMax,CafeMax tu bar-ingles en la Sierra Nevada de Santa Marta te ofrece los mejores còctelessanduiches y wraps y deleitate con el mejor cafè de la sierra. Musica en vivo los fines de semana.,1-2 horas,
"105. La taberna D""Manuel José",https://www.tripadvisor.co/Attraction_Review-g297484-d17353487-Reviews-La_taberna_D_Manuel_Jose-Santa_Marta_Santa_Marta_Municipality_Magdalena_Departme.html,SantaMarta,La taberna DManuel José,,Más de 3 horas,Barrio Pescaito calle 4 Carrera 11 Esquina Santa Marta Santa Marta Municipality 470001 Colombia
106. Féstival Shots,https://www.tripadvisor.co/Attraction_Review-g297484-d4889110-Reviews-Festival_Shots-Santa_Marta_Santa_Marta_Municipality_Magdalena_Department.html,SantaMarta,Féstival Shots,,,Carrera 3 17 27 Calle 19 #3-32 Santa Marta Santa Marta Municipality 470004 Colombia
107. Blue Bar Restaurante,https://www.tripadvisor.co/Attraction_Review-g297484-d7912558-Reviews-Blue_Bar_Restaurante-Santa_Marta_Santa_Marta_Municipality_Magdalena_Department.html,SantaMarta,Blue Bar Restaurante,,Más de 3 horas,Calle 19 No. 3-26 Centro Historico Parque De los Novios Santa Marta Santa Marta Municipality 57 Colombia
108. Casa Triada,https://www.tripadvisor.co/Attraction_Review-g297484-d24824703-Reviews-Casa_Triada-Santa_Marta_Santa_Marta_Municipality_Magdalena_Department.html,SantaMarta,Casa Triada,,,Calle 17 # 2 - 73 Local 4 Santa Marta Santa Marta Municipality 470004 Colombia
109. Rent Bike Santa Marta,https://www.tripadvisor.co/Attraction_Review-g297484-d17339943-Reviews-Rent_Bike_Santa_Marta-Santa_Marta_Santa_Marta_Municipality_Magdalena_Department.html,SantaMarta,Rent Bike Santa Marta,,,
110. Velero Santa Marta,https://www.tripadvisor.co/Attraction_Review-g297484-d15133334-Reviews-Velero_Santa_Marta-Santa_Marta_Santa_Marta_Municipality_Magdalena_Department.html,SantaMarta,Velero Santa Marta,,,
111. Santa Marta Dive and Adventure,https://www.tripadvisor.co/Attraction_Review-g297484-d6407294-Reviews-Santa_Marta_Dive_and_Adventure-Santa_Marta_Santa_Marta_Municipality_Magdalena_Dep.html,SantaMarta,Santa Marta Dive and Adventure,,,
112. Nakua Spa,https://www.tripadvisor.co/Attraction_Review-g297484-d8047901-Reviews-Nakua_Spa-Santa_Marta_Santa_Marta_Municipality_Magdalena_Department.html,SantaMarta,Nakua Spa,,2-3 horas,Carrera 15 21 - 68 Barrio Jardin Santa Marta Santa Marta Municipality 470004 Colombia
113. Tierra Nativa,https://www.tripadvisor.co/Attraction_Review-g297484-d14028295-Reviews-Tierra_Nativa-Santa_Marta_Santa_Marta_Municipality_Magdalena_Department.html,SantaMarta,Tierra Nativa,,,
114. Aquarius Diving Club,https://www.tripadvisor.co/Attraction_Review-g297484-d3139190-Reviews-Aquarius_Diving_Club-Santa_Marta_Santa_Marta_Municipality_Magdalena_Department.html,SantaMarta,Aquarius Diving Club,,,
115. Dive Pro Buceo,https://www.tripadvisor.co/Attraction_Review-g297484-d23023905-Reviews-Dive_Pro_Buceo-Santa_Marta_Santa_Marta_Municipality_Magdalena_Department.html,SantaMarta,Dive Pro Buceo,,,
116. Colombian Riders,https://www.tripadvisor.co/Attraction_Review-g297484-d12818328-Reviews-Colombian_Riders-Santa_Marta_Santa_Marta_Municipality_Magdalena_Department.html,SantaMarta,Colombian Riders,,,
117. Mangos Karaoke Bar,https://www.tripadvisor.co/Attraction_Review-g297484-d6822974-Reviews-Mangos_Karaoke_Bar-Santa_Marta_Santa_Marta_Municipality_Magdalena_Department.html,SantaMarta,Mangos Karaoke Bar,Mangos Karaoke Bar Ofrece A sus clientes la experiencia del karaoke y el sonido en vivo con dos ambientes uno VIP y una terraza al aire libre excelente musica y servicio con programas variados.,Sugiere ediciones para mejorar lo que mostramos.Mejorar este perfil,Cra 4 No 15-15 El Rodadero Santa Marta Santa Marta Municipality 470006 Colombia
118. Sierra Coffee Tastings,https://www.tripadvisor.co/Attraction_Review-g297484-d18206227-Reviews-Sierra_Coffee_Tastings-Santa_Marta_Santa_Marta_Municipality_Magdalena_Department.html,SantaMarta,Sierra Coffee Tastings,,,Calle 17 Santa Marta Santa Marta Municipality 470006 Colombia
119. Caribbean Food Experience - Pescao Frito,https://www.tripadvisor.co/Attraction_Review-g297484-d19282066-Reviews-Caribbean_Food_Experience_Pescao_Frito-Santa_Marta_Santa_Marta_Municipality_Magd.html,SantaMarta,Caribbean Food Experience - Pescao Frito,,,
120. Gairaca Lounge Discobar,https://www.tripadvisor.co/Attraction_Review-g297484-d11854459-Reviews-Gairaca_Lounge_Discobar-Santa_Marta_Santa_Marta_Municipality_Magdalena_Departmen.html,SantaMarta,Gairaca Lounge Discobar,,Más de 3 horas,Calle 17 No 3-36 Santa Marta Santa Marta Municipality 470004 Colombia
121. Bikation Colombia,https://www.tripadvisor.co/Attraction_Review-g297484-d23791188-Reviews-Bikation_Colombia-Santa_Marta_Santa_Marta_Municipality_Magdalena_Department.html,SantaMarta,Bikation Colombia,,,
122. La Luna Rock Bar,https://www.tripadvisor.co/Attraction_Review-g297484-d23838968-Reviews-La_Luna_Rock_Bar-Santa_Marta_Santa_Marta_Municipality_Magdalena_Department.html,SantaMarta,La Luna Rock Bar,Todos cabemos en La Luna! Lo mejor del rock licores y ambiente fraternal. - We can all fit on the Moon! Rock of all times drinks and brotherly atmosphere,Sugiere ediciones para mejorar lo que mostramos.Mejorar este perfil,Calle 29 N. 18b - 20 Local 2 Sobre La Av. Del Río A La Altura De La Carrera 19 Santa Marta Santa Marta Municipality 470001 Colombia
123. Casa Quinta Artesanal,https://www.tripadvisor.co/Attraction_Review-g297484-d23618632-Reviews-Casa_Quinta_Artesanal-Santa_Marta_Santa_Marta_Municipality_Magdalena_Department.html,SantaMarta,Casa Quinta Artesanal,,,Carrera 5 # 24-03 Santa Marta Santa Marta Municipality 470004 Colombia
124. Buena Vibra Social Jump,https://www.tripadvisor.co/Attraction_Review-g297484-d10509182-Reviews-Buena_Vibra_Social_Jump-Santa_Marta_Santa_Marta_Municipality_Magdalena_Departmen.html,SantaMarta,Buena Vibra Social Jump,,Más de 3 horas,Carrera 21 # 3-40 Santa Marta Santa Marta Municipality 470005 Colombia
125. Wi Make Tours,https://www.tripadvisor.co/Attraction_Review-g297484-d9996511-Reviews-Wi_Make_Tours-Santa_Marta_Santa_Marta_Municipality_Magdalena_Department.html,SantaMarta,Wi Make Tours,,,
126. Sierraventur Travel,https://www.tripadvisor.co/Attraction_Review-g297484-d14918707-Reviews-Sierraventur_Travel-Santa_Marta_Santa_Marta_Municipality_Magdalena_Department.html,SantaMarta,Sierraventur Travel,,,
127. SkyBeer Bar,https://www.tripadvisor.co/Attraction_Review-g297484-d17452004-Reviews-SkyBeer_Bar-Santa_Marta_Santa_Marta_Municipality_Magdalena_Department.html,SantaMarta,SkyBeer Bar,,Más de 3 horas,Cra 19 No.3437 Barrio los naranjos Santa Marta Santa Marta Municipality 4700 Colombia
128. Storyland Music Festival,https://www.tripadvisor.co/Attraction_Review-g297484-d15138065-Reviews-Storyland_Music_Festival-Santa_Marta_Santa_Marta_Municipality_Magdalena_Departme.html,SantaMarta,Storyland Music Festival,,Más de 3 horas,
129. Velero Santa Marta Tayrona,https://www.tripadvisor.co/Attraction_Review-g297484-d20378345-Reviews-Velero_Santa_Marta_Tayrona-Santa_Marta_Santa_Marta_Municipality_Magdalena_Depart.html,SantaMarta,Velero Santa Marta Tayrona,,,
130. Caribbean Pro Dive Center,https://www.tripadvisor.co/Attraction_Review-g297484-d12301348-Reviews-Caribbean_Pro_Dive_Center-Santa_Marta_Santa_Marta_Municipality_Magdalena_Departm.html,SantaMarta,Caribbean Pro Dive Center,,,
131. Iguanas Tours,https://www.tripadvisor.co/Attraction_Review-g297484-d17373717-Reviews-Iguanas_Tours-Santa_Marta_Santa_Marta_Municipality_Magdalena_Department.html,SantaMarta,Iguanas Tours,,,
132. Banano Bar,https://www.tripadvisor.co/Attraction_Review-g297484-d8807174-Reviews-Banano_Bar-Santa_Marta_Santa_Marta_Municipality_Magdalena_Department.html,SantaMarta,Banano Bar,,,Cra 2 N° 7-38 Rodadero Junto al Asadero el Banano Santa Marta Santa Marta Municipality 470006 Colombia
133. Vergel Tours,https://www.tripadvisor.co/Attraction_Review-g297484-d7204161-Reviews-Vergel_Tours-Santa_Marta_Santa_Marta_Municipality_Magdalena_Department.html,SantaMarta,Vergel Tours,,,
134. Transportes City Vans,https://www.tripadvisor.co/Attraction_Review-g297484-d10124386-Reviews-Transportes_City_Vans-Santa_Marta_Santa_Marta_Municipality_Magdalena_Department.html,SantaMarta,Transportes City Vans,,,Calle 13 #2-11 Edificio Brisa Marina Rodadero Local 2 Santa Marta Santa Marta Municipality 470006 Colombia
135. Expedición Nativa,https://www.tripadvisor.co/Attraction_Review-g297484-d15143225-Reviews-Native_Expeditions-Santa_Marta_Santa_Marta_Municipality_Magdalena_Department.html,SantaMarta,Expedición Nativa,,,
136. Cancha de Golf Familiar,https://www.tripadvisor.co/Attraction_Review-g297484-d12495551-Reviews-Cancha_de_Golf_Familiar-Santa_Marta_Santa_Marta_Municipality_Magdalena_Departmen.html,SantaMarta,Cancha de Golf Familiar,Somos un curso de 18 hoyos de golfito o mini-golf es el único curso completo en la costa de Colombia. El curso es diseñado para hacerlo un poco mas difícil que los cursos en Europa o Los Estados Unidos.,1-2 horas,
137. Gran Colombia Tours (Santa Marta),https://www.tripadvisor.co/Attraction_Review-g297484-d20378689-Reviews-Gran_Colombia_Tours_Santa_Marta-Santa_Marta_Santa_Marta_Municipality_Magdalena_D.html,SantaMarta,Gran Colombia Tours (Santa Marta),,,
138. Thursday De Gringos In Aurelia,https://www.tripadvisor.co/Attraction_Review-g297484-d25110117-Reviews-Thursday_De_Gringos_In_Aurelia-Santa_Marta_Santa_Marta_Municipality_Magdalena_De.html,SantaMarta,Thursday De Gringos In Aurelia,,1-2 horas,Calle 21 #3-105 Qued En El Pub Aurelia Santa Marta Santa Marta Municipality 470004 Colombia
139. Aqua Sport,https://www.tripadvisor.co/Attraction_Review-g297484-d8152515-Reviews-Aqua_Sport-Santa_Marta_Santa_Marta_Municipality_Magdalena_Department.html,SantaMarta,Aqua Sport,,,
140. Mendihuaca Surf,https://www.tripadvisor.co/Attraction_Review-g297484-d10204416-Reviews-Mendihuaca_Surf-Santa_Marta_Santa_Marta_Municipality_Magdalena_Department.html,SantaMarta,Mendihuaca Surf,,,
141. Talentos Karaoke VIP,https://www.tripadvisor.co/Attraction_Review-g297484-d8574008-Reviews-Talentos_Karaoke_VIP-Santa_Marta_Santa_Marta_Municipality_Magdalena_Department.html,SantaMarta,Talentos Karaoke VIP,,Más de 3 horas,Calle 29k Carrera 35d Portal de Las Avenidas Edif Mirasierra Local 2 Santa Marta Santa Marta Municipality 47223 Colombia
142. Quimera Divers,https://www.tripadvisor.co/Attraction_Review-g297484-d2060605-Reviews-Quimera_Divers-Santa_Marta_Santa_Marta_Municipality_Magdalena_Department.html,SantaMarta,Quimera Divers,,,
143. Hangover Disco,https://www.tripadvisor.co/Attraction_Review-g297484-d23912156-Reviews-Hangover_Disco-Santa_Marta_Santa_Marta_Municipality_Magdalena_Department.html,SantaMarta,Hangover Disco,,Más de 3 horas,Calle 18 # 2-55 Parque De Los Novios Santa Marta Santa Marta Municipality 470004 Colombia
144. Sunshine Bar,https://www.tripadvisor.co/Attraction_Review-g297484-d19987986-Reviews-Sunshine_Bar-Santa_Marta_Santa_Marta_Municipality_Magdalena_Department.html,SantaMarta,Sunshine Bar,,,
145. Still Yoga,https://www.tripadvisor.co/Attraction_Review-g297484-d15291109-Reviews-Still_Yoga-Santa_Marta_Santa_Marta_Municipality_Magdalena_Department.html,SantaMarta,Still Yoga,,1-2 horas,Calle 18 5 51 Santa Marta Santa Marta Municipality 470004 Colombia
146. Sup Santa Marta,https://www.tripadvisor.co/Attraction_Review-g297484-d13152507-Reviews-Sup_Santa_Marta-Santa_Marta_Santa_Marta_Municipality_Magdalena_Department.html,SantaMarta,Sup Santa Marta,Contamos con 3 puntos de salida o llegada para las diferentes experiencias en kayak stand up paddle SUP YOGA o vela que ofrecemos punta betin esta ubicado en plena marina internacional a escasos metros del centro y a tan solo 2 calles de nuestras oficinas y tienda principal. En este punto ofrecemos clases y renta de diferentes equipos náuticos así como tours a playas escondidas,1-2 horas,Carrera 1a no. 24-35 204 Santa Marta Santa Marta Municipality 470004 Colombia
147. Faro Place,https://www.tripadvisor.co/Attraction_Review-g297484-d14009838-Reviews-Faro_Place-Santa_Marta_Santa_Marta_Municipality_Magdalena_Department.html,SantaMarta,Faro Place,Faro Place es un Social Club que cuenta con la mejor diversión de la ciudad: CRAZY BALLS. Son bolas inflables para hacer múltiples competencias y/o pasar un rato divertido con amigos y familia. Tenemos una cancha para 8 *Crazy Balls* con un valores de: 60 minutos - $160.000 30 minutos - $100.000 15 minutos - $50.000 (Éste valor incluye las 8 bolas animador y alquiler de la cancha),< 1 hora,Calle 22 #18-39 Santa Marta Santa Marta Municipality 470004 Colombia
148. Ukulala,https://www.tripadvisor.co/Attraction_Review-g297484-d12502147-Reviews-Ukulala-Santa_Marta_Santa_Marta_Municipality_Magdalena_Department.html,SantaMarta,Ukulala,,,Carrera 11 # 17-105 Santa Marta Santa Marta Municipality 470001 Colombia
149. Drake Lounge,https://www.tripadvisor.co/Attraction_Review-g297484-d7934406-Reviews-Drake_Lounge-Santa_Marta_Santa_Marta_Municipality_Magdalena_Department.html,SantaMarta,Drake Lounge,Nos ubicamos en el parque de los novios en la ciudad de Santa Marta tenemos dos ambientescon cocteles y shots premium. Con una temática inspirada en uno de los piratas ingleses más famosos Sir Francis Drake.,Más de 3 horas,
150. Berlinastur,https://www.tripadvisor.co/Attraction_Review-g297484-d17659547-Reviews-Berlinastur-Santa_Marta_Santa_Marta_Municipality_Magdalena_Department.html,SantaMarta,Berlinastur,,,
151. Yeye Ecléctico,https://www.tripadvisor.co/Attraction_Review-g297484-d20104268-Reviews-Yeye_Eclectico-Santa_Marta_Santa_Marta_Municipality_Magdalena_Department.html,SantaMarta,Yeye Ecléctico,,< 1 hora,Carrera 14 # 14-86 Santa Marta Santa Marta Municipality 470004 Colombia
152. Roots & Sounds,https://www.tripadvisor.co/Attraction_Review-g297484-d4085163-Reviews-Roots_Sounds-Santa_Marta_Santa_Marta_Municipality_Magdalena_Department.html,SantaMarta,Roots & Sounds,,,Calle 2 19 No. 2a-19 Santa Marta Santa Marta Municipality 470001 Colombia
153. Bakaru disco bar,https://www.tripadvisor.co/Attraction_Review-g297484-d13544566-Reviews-Bakaru_disco_bar-Santa_Marta_Santa_Marta_Municipality_Magdalena_Department.html,SantaMarta,Bakaru disco bar,,,
154. Caribbean Sailing School,https://www.tripadvisor.co/Attraction_Review-g297484-d7896350-Reviews-Caribbean_Sailing_School-Santa_Marta_Santa_Marta_Municipality_Magdalena_Departmen.html,SantaMarta,Caribbean Sailing School,,,
155. Nautilus Dive Center,https://www.tripadvisor.co/Attraction_Review-g297484-d3845910-Reviews-Nautilus_Dive_Center-Santa_Marta_Santa_Marta_Municipality_Magdalena_Department.html,SantaMarta,Nautilus Dive Center,,,
156. Bebe más,https://www.tripadvisor.co/Attraction_Review-g297484-d14056543-Reviews-BB-Santa_Marta_Santa_Marta_Municipality_Magdalena_Department.html,SantaMarta,Bebe más,Bar casual con música variada desde salsa hasta rock en español pasando por otros ritmos locales como merengue y bachata todos los días recibimos gente de la ciudad así como turistas. Buenos cocteles cervezas y licores ambiente amigable.,2-3 horas,Carrera 3 No 18-55 Segundo piso Santa Marta Santa Marta Municipality 470001 Colombia
157. Alquiler Moto Santa Marta,https://www.tripadvisor.co/Attraction_Review-g297484-d12373476-Reviews-Alquiler_Moto_Santa_Marta-Santa_Marta_Santa_Marta_Municipality_Magdalena_Departm.html,SantaMarta,Alquiler Moto Santa Marta,,Más de 3 horas,Cra. 3 # 7 - 85 Edificio Reina 1 Santa Marta Santa Marta Municipality 470001 Colombia
158. POLITTAN,https://www.tripadvisor.co/Attraction_Review-g297484-d20344035-Reviews-POLITTAN-Santa_Marta_Santa_Marta_Municipality_Magdalena_Department.html,SantaMarta,POLITTAN,,,cll 118 # 19-09 Of 503 Santa Marta Santa Marta Municipality 110131 Colombia
159. Transportes Guerrero,https://www.tripadvisor.co/Attraction_Review-g297484-d18218621-Reviews-Transportes_Guerrero-Santa_Marta_Santa_Marta_Municipality_Magdalena_Department.html,SantaMarta,Transportes Guerrero,Empresa de transporte y turismo en la ciudad de Santa Marta Recorridos turisticos Recogidas aeropuerto,,Calle 23 4 27 Santa Marta Santa Marta Municipality 470004 Colombia
160. Aloha Cocktails,https://www.tripadvisor.co/Attraction_Review-g297484-d19944824-Reviews-Aloha_Cocktails-Santa_Marta_Santa_Marta_Municipality_Magdalena_Department.html,SantaMarta,Aloha Cocktails,En Aloha Cocktails encuentras un solo lugar para disfrutar de una excelente bebida y una grata charla entre amigos y familia,1-2 horas,Cra 1 # 8-56 Santa Marta Santa Marta Municipality 470001 Colombia
161. Colombia Autentica,https://www.tripadvisor.co/Attraction_Review-g297484-d19120231-Reviews-Colombia_Autentica-Santa_Marta_Santa_Marta_Municipality_Magdalena_Department.html,SantaMarta,Colombia Autentica,,,
162. White Bar,https://www.tripadvisor.co/Attraction_Review-g297484-d12300652-Reviews-White_Bar-Santa_Marta_Santa_Marta_Municipality_Magdalena_Department.html,SantaMarta,White Bar,Bar con área abierta hacia la calle peatonal música local (salsa merengue vallenato bachata reguetón) Cocteles luces pista de baile ofertas. Aceptamos grupos para celebraciones de cumpleaños o cualquier ocasión especial. Puede sentarse disfrutar su bebida trago o coctel mientras ve la gente pasar por la calle peatonal.,Más de 3 horas,Carrera 3 #18-55 Segundo Piso Santa Marta Santa Marta Municipality 470001 Colombia
163. Deep Coral,https://www.tripadvisor.co/Attraction_Review-g297484-d10006736-Reviews-Deep_Coral-Santa_Marta_Santa_Marta_Municipality_Magdalena_Department.html,SantaMarta,Deep Coral,,,
164. Tu Jaus,https://www.tripadvisor.co/Attraction_Review-g297484-d13707857-Reviews-Tu_Jaus-Santa_Marta_Santa_Marta_Municipality_Magdalena_Department.html,SantaMarta,Tu Jaus,,Más de 3 horas,Calle 20 No 3-59 Centro Histórico Santa Marta Santa Marta Municipality 470004 Colombia
165. Transportes TQ,https://www.tripadvisor.co/Attraction_Review-g297484-d23776472-Reviews-Transportes_TQ-Santa_Marta_Santa_Marta_Municipality_Magdalena_Department.html,SantaMarta,Transportes TQ,Transportes tq es una empresa de transporte que ofrece a todos sus turitas servicio de transporte privadoexclusivo y con vehiculos comodos y confortable. Garantizamos seguridad y calidad en nuestro servicios,,Cr 33 # 14 - 30 Cs 24 Galicia Santa Marta Santa Marta Municipality 470005 Colombia
166. German E Gonzalez,https://www.tripadvisor.co/Attraction_Review-g297484-d19910904-Reviews-German_E_Gonzalez-Santa_Marta_Santa_Marta_Municipality_Magdalena_Department.html,SantaMarta,German E Gonzalez,,,
167. Ayshas Private Transport,https://www.tripadvisor.co/Attraction_Review-g297484-d13832914-Reviews-Ayshas_Private_Transport-Santa_Marta_Santa_Marta_Municipality_Magdalena_Departme.html,SantaMarta,Ayshas Private Transport,,,
168. Scuba Carolina,https://www.tripadvisor.co/Attraction_Review-g297484-d23116151-Reviews-Scuba_Carolina-Santa_Marta_Santa_Marta_Municipality_Magdalena_Department.html,SantaMarta,Scuba Carolina,,,
169. The Santa Marta Bar Hop,https://www.tripadvisor.co/Attraction_Review-g297484-d10021660-Reviews-The_Santa_Marta_Bar_Hop-Santa_Marta_Santa_Marta_Municipality_Magdalena_Departmen.html,SantaMarta,The Santa Marta Bar Hop,,Más de 3 horas,
170. Mí Chelada Bar,https://www.tripadvisor.co/Attraction_Review-g297484-d18850107-Reviews-Mi_Chelada_Bar-Santa_Marta_Santa_Marta_Municipality_Magdalena_Department.html,SantaMarta,Mí Chelada Bar,,2-3 horas,Calle 19 3 105 Cerca de Parque de los Novios Santa Marta Santa Marta Municipality 470004 Colombia
171. Mega Sierra Tour,https://www.tripadvisor.co/Attraction_Review-g297484-d8650891-Reviews-Mega_Sierra_Tour-Santa_Marta_Santa_Marta_Municipality_Magdalena_Department.html,SantaMarta,Mega Sierra Tour,,,
172. Bar-Rejobo,https://www.tripadvisor.co/Attraction_Review-g297484-d15873869-Reviews-Bar_Rejobo-Santa_Marta_Santa_Marta_Municipality_Magdalena_Department.html,SantaMarta,Bar-Rejobo,,Más de 3 horas,Calle 20 3 78 Santa Marta Santa Marta Municipality 470004 Colombia
173. TRANSPORTE FRANCY NATALIA,https://www.tripadvisor.co/Attraction_Review-g297484-d23780215-Reviews-TRANSPORTE_FRANCY_NATALIA-Santa_Marta_Santa_Marta_Municipality_Magdalena_Departm.html,SantaMarta,TRANSPORTE FRANCY NATALIA,,,
174. Samay spa resort,https://www.tripadvisor.co/Attraction_Review-g297484-d25551275-Reviews-Samay_spa_resort-Santa_Marta_Santa_Marta_Municipality_Magdalena_Department.html,SantaMarta,Samay spa resort,Masajes terapéuticos relajantes tejido profundo piedras calientes spa de parejas promociones y mucho mas en habitaciones spa y en toldo playero,1-2 horas,
175. Jungle Tour Santa Marta,https://www.tripadvisor.co/Attraction_Review-g297484-d23348808-Reviews-Jungle_Tour_Santa_Marta-Santa_Marta_Santa_Marta_Municipality_Magdalena_Departmen.html,SantaMarta,Jungle Tour Santa Marta,,,
176. Hercicycle,https://www.tripadvisor.co/Attraction_Review-g297484-d17414543-Reviews-Hercicycle-Santa_Marta_Santa_Marta_Municipality_Magdalena_Department.html,SantaMarta,Hercicycle,Es un tour con acompañamiento en bicicletas brindando diversas experiencias por el centro histórico y la bahía de Santa Marta. Este servicio permite a los turistas visitar la bahía más linda de América conocer la ciudad histórica recorrer sitios de interés como parques museos e interactuar con la cultura de esta región del Caribe de Colombia.,2-3 horas,Calle 28 1a 44 Santa Marta Santa Marta Municipality 470004 Colombia
177. TURISMO Y TRANSPORTE ALL SERVICE,https://www.tripadvisor.co/Attraction_Review-g297484-d24927244-Reviews-TURISMO_Y_TRANSPORTE_ALL_SERVICE-Santa_Marta_Santa_Marta_Municipality_Magdalena_.html,SantaMarta,TURISMO Y TRANSPORTE ALL SERVICE,,,
178. Transporte RT,https://www.tripadvisor.co/Attraction_Review-g297484-d25368660-Reviews-Transporte_RT-Santa_Marta_Santa_Marta_Municipality_Magdalena_Department.html,SantaMarta,Transporte RT,,,
179. Manigua Dive Center,https://www.tripadvisor.co/Attraction_Review-g297484-d17154586-Reviews-Manigua_Dive_Center-Santa_Marta_Santa_Marta_Municipality_Magdalena_Department.html,SantaMarta,Manigua Dive Center,,,
180. Samoa Boat Trips,https://www.tripadvisor.co/Attraction_Review-g297484-d10209983-Reviews-Samoa_Boat_Trips-Santa_Marta_Santa_Marta_Municipality_Magdalena_Department.html,SantaMarta,Samoa Boat Trips,,,
181. Escuela de Buceo Guardianes del Coral,https://www.tripadvisor.co/Attraction_Review-g297484-d4114369-Reviews-Escuela_de_Buceo_Guardianes_del_Coral-Santa_Marta_Santa_Marta_Municipality_Magdal.html,SantaMarta,Escuela de Buceo Guardianes del Coral,,,
182. El Morrito,https://www.tripadvisor.co/Attraction_Review-g297484-d23957319-Reviews-El_Morrito-Santa_Marta_Santa_Marta_Municipality_Magdalena_Department.html,SantaMarta,El Morrito,,,
183. Hecho Para Viajeros,https://www.tripadvisor.co/Attraction_Review-g297484-d23151421-Reviews-Hecho_Para_Viajeros-Santa_Marta_Santa_Marta_Municipality_Magdalena_Department.html,SantaMarta,Hecho Para Viajeros,,,
184. Ruta Tayrona Tours,https://www.tripadvisor.co/Attraction_Review-g297484-d18891655-Reviews-Ruta_Tayrona_Tours-Santa_Marta_Santa_Marta_Municipality_Magdalena_Department.html,SantaMarta,Ruta Tayrona Tours,,,
185. Aurelia,https://www.tripadvisor.co/Attraction_Review-g297484-d25064302-Reviews-Aurelia-Santa_Marta_Santa_Marta_Municipality_Magdalena_Department.html,SantaMarta,Aurelia,,1-2 horas,Calle 21 #3-105 Casa De Rejas Verdes Santa Marta Santa Marta Municipality 470004 Colombia
186. Nicolas Giraldo,https://www.tripadvisor.co/Attraction_Review-g297484-d17737520-Reviews-Nicolas_Giraldo-Santa_Marta_Santa_Marta_Municipality_Magdalena_Department.html,SantaMarta,Nicolas Giraldo,,,
187. Go Colombia Nature & Travel,https://www.tripadvisor.co/Attraction_Review-g297484-d10214448-Reviews-Go_Colombia_Nature_Travel-Santa_Marta_Santa_Marta_Municipality_Magdalena_Departm.html,SantaMarta,Go Colombia Nature & Travel,,,
188. Colombia port Transfers - Vince Group,https://www.tripadvisor.co/Attraction_Review-g297484-d25895170-Reviews-Colombia_port_Transfers_Vince_Group-Santa_Marta_Santa_Marta_Municipality_Magdale.html,SantaMarta,Colombia port Transfers - Vince Group,,,
189. El Gnomo Gordo Surf School,https://www.tripadvisor.co/Attraction_Review-g297484-d16818897-Reviews-El_Gnomo_Gordo_Surf_School-Santa_Marta_Santa_Marta_Municipality_Magdalena_Depart.html,SantaMarta,El Gnomo Gordo Surf School,,,
190. Global Sailing Colombia,https://www.tripadvisor.co/Attraction_Review-g297484-d24111248-Reviews-Global_Sailing_Colombia-Santa_Marta_Santa_Marta_Municipality_Magdalena_Departmen.html,SantaMarta,Global Sailing Colombia,,,
191. The Day Trips Tours,https://www.tripadvisor.co/Attraction_Review-g297484-d9861855-Reviews-The_Day_Trips_Tours-Santa_Marta_Santa_Marta_Municipality_Magdalena_Department.html,SantaMarta,The Day Trips Tours,,,
192. Aventour Santa Marta,https://www.tripadvisor.co/Attraction_Review-g297484-d24961180-Reviews-Aventour_Santa_Marta-Santa_Marta_Santa_Marta_Municipality_Magdalena_Department.html,SantaMarta,Aventour Santa Marta,,,
193. Colombia Airport Transfers - Vince Group,https://www.tripadvisor.co/Attraction_Review-g297484-d25803110-Reviews-Colombia_Airport_Transfers_Vince_Group-Santa_Marta_Santa_Marta_Municipality_Magd.html,SantaMarta,Colombia Airport Transfers - Vince Group,,,
194. Naty's Boats,https://www.tripadvisor.co/Attraction_Review-g297484-d16663178-Reviews-Naty_s_Boats-Santa_Marta_Santa_Marta_Municipality_Magdalena_Department.html,SantaMarta,Naty's Boats,,,
195. The Adventure Of The Sea,https://www.tripadvisor.co/Attraction_Review-g297484-d14008380-Reviews-The_Adventure_Of_The_Sea-Santa_Marta_Santa_Marta_Municipality_Magdalena_Departme.html,SantaMarta,The Adventure Of The Sea,,,
196. Impulse Travel,https://www.tripadvisor.co/Attraction_Review-g297484-d19695231-Reviews-Impulse_Travel-Santa_Marta_Santa_Marta_Municipality_Magdalena_Department.html,SantaMarta,Impulse Travel,,,
197. Ruta Samaria,https://www.tripadvisor.co/Attraction_Review-g297484-d14067003-Reviews-Ruta_Samaria-Santa_Marta_Santa_Marta_Municipality_Magdalena_Department.html,SantaMarta,Ruta Samaria,,,
198. Con Limon Boats,https://www.tripadvisor.co/Attraction_Review-g297484-d17333128-Reviews-Con_Limon_Boats-Santa_Marta_Santa_Marta_Municipality_Magdalena_Department.html,SantaMarta,Con Limon Boats,,,
"199. "" La Mer "" Diving School",https://www.tripadvisor.co/Attraction_Review-g297484-d17431812-Reviews-La_Mer_Diving_School-Santa_Marta_Santa_Marta_Municipality_Magdalena_Department.html,SantaMarta,La Mer  Diving School,,,
200. North Man Dive,https://www.tripadvisor.co/Attraction_Review-g297484-d24902713-Reviews-North_Man_Dive-Santa_Marta_Santa_Marta_Municipality_Magdalena_Department.html,SantaMarta,North Man Dive,,,
201. Santa Marta Pub Crawl,https://www.tripadvisor.co/Attraction_Review-g297484-d14087854-Reviews-Santa_Marta_Pub_Crawl-Santa_Marta_Santa_Marta_Municipality_Magdalena_Department.html,SantaMarta,Santa Marta Pub Crawl,,,
202. Nikmati Tours and Experiences,https://www.tripadvisor.co/Attraction_Review-g297484-d17514614-Reviews-Nikmati_Tours_and_Experiences-Santa_Marta_Santa_Marta_Municipality_Magdalena_Dep.html,SantaMarta,Nikmati Tours and Experiences,,,
203. Club Casa Alegra,https://www.tripadvisor.co/Attraction_Review-g297484-d19014703-Reviews-Club_Casa_Alegra-Santa_Marta_Santa_Marta_Municipality_Magdalena_Department.html,SantaMarta,Club Casa Alegra,,,
204. Nereo Dive Center,https://www.tripadvisor.co/Attraction_Review-g297484-d19990636-Reviews-Nereo_Dive_Center-Santa_Marta_Santa_Marta_Municipality_Magdalena_Department.html,SantaMarta,Nereo Dive Center,,,
205. Munky Adventure Jeep Tour into Minca,https://www.tripadvisor.co/Attraction_Review-g297484-d14930748-Reviews-Munky_Adventure_Jeep_Tour_into_Minca-Santa_Marta_Santa_Marta_Municipality_Magdal.html,SantaMarta,Munky Adventure Jeep Tour into Minca,,,
206. Soundwalkrs Santa Marta,https://www.tripadvisor.co/Attraction_Review-g297484-d19980740-Reviews-Soundwalkrs_Santa_Marta-Santa_Marta_Santa_Marta_Municipality_Magdalena_Departmen.html,SantaMarta,Soundwalkrs Santa Marta,,,
207. Caminante Del Viento,https://www.tripadvisor.co/Attraction_Review-g297484-d25218263-Reviews-Caminante_Del_Viento-Santa_Marta_Santa_Marta_Municipality_Magdalena_Department.html,SantaMarta,Caminante Del Viento,,,
208. Papillon surf y aventura,https://www.tripadvisor.co/Attraction_Review-g297484-d16787741-Reviews-Papillon_surf_y_aventura-Santa_Marta_Santa_Marta_Municipality_Magdalena_Departme.html,SantaMarta,Papillon surf y aventura,,,
209. Travel Today Santa Marta,https://www.tripadvisor.co/Attraction_Review-g297484-d19918678-Reviews-Travel_Today_Santa_Marta-Santa_Marta_Santa_Marta_Municipality_Magdalena_Departme.html,SantaMarta,Travel Today Santa Marta,,,
210. ReserveAhora,https://www.tripadvisor.co/Attraction_Review-g297484-d19327914-Reviews-ReserveAhora-Santa_Marta_Santa_Marta_Municipality_Magdalena_Department.html,SantaMarta,ReserveAhora,,,
211. Quetzal Birdwatch,https://www.tripadvisor.co/Attraction_Review-g297484-d10294355-Reviews-Quetzal_Birdwatch-Santa_Marta_Santa_Marta_Municipality_Magdalena_Department.html,SantaMarta,Quetzal Birdwatch,,,
212. Dirt Roads Colombia,https://www.tripadvisor.co/Attraction_Review-g297484-d15643485-Reviews-Dirt_Roads_Colombia-Santa_Marta_Santa_Marta_Municipality_Magdalena_Department.html,SantaMarta,Dirt Roads Colombia,,,
213. All Good Surf,https://www.tripadvisor.co/Attraction_Review-g297484-d14142064-Reviews-All_Good_Surf-Santa_Marta_Santa_Marta_Municipality_Magdalena_Department.html,SantaMarta,All Good Surf,,,
214. Sony Dive Center,https://www.tripadvisor.co/Attraction_Review-g297484-d21343965-Reviews-Sony_Dive_Center-Santa_Marta_Santa_Marta_Municipality_Magdalena_Department.html,SantaMarta,Sony Dive Center,,,
215. Bessones Turismo Colombia,https://www.tripadvisor.co/Attraction_Review-g297484-d15237702-Reviews-Bessones_Turismo_Colombia-Santa_Marta_Santa_Marta_Municipality_Magdalena_Departm.html,SantaMarta,Bessones Turismo Colombia,,2-3 horas,Calle 138 # 5-11 Conj Sierra Grata - Bello Horizonte Santa Marta Santa Marta Municipality 470001 Colombia
216. Tayrona Sailing - Vamos Navegando,https://www.tripadvisor.co/Attraction_Review-g297484-d12945494-Reviews-Tayrona_Sailing_Vamos_Navegando-Santa_Marta_Santa_Marta_Municipality_Magdalena_D.html,SantaMarta,Tayrona Sailing - Vamos Navegando,,,
217. Tayrona Birding Nature Guides,https://www.tripadvisor.co/Attraction_Review-g297484-d13546409-Reviews-Tayrona_Birding_Nature_Guides-Santa_Marta_Santa_Marta_Municipality_Magdalena_Dep.html,SantaMarta,Tayrona Birding Nature Guides,,,
218. Visit Santa Marta,https://www.tripadvisor.co/Attraction_Review-g297484-d23920398-Reviews-Visit_Santa_Marta-Santa_Marta_Santa_Marta_Municipality_Magdalena_Department.html,SantaMarta,Visit Santa Marta,,,
219. Ruta Tayrona Tours,https://www.tripadvisor.co/Attraction_Review-g297484-d19882962-Reviews-Ruta_Tayrona_Tours-Santa_Marta_Santa_Marta_Municipality_Magdalena_Department.html,SantaMarta,Ruta Tayrona Tours,,,
220. Club Deportivo Stand Up Paddle,https://www.tripadvisor.co/Attraction_Review-g297484-d9792555-Reviews-Club_Deportivo_Stand_Up_Paddle-Santa_Marta_Santa_Marta_Municipality_Magdalena_Dep.html,SantaMarta,Club Deportivo Stand Up Paddle,,,
221. COLOMBIA LUXURY TRAVEL,https://www.tripadvisor.co/Attraction_Review-g297484-d17692183-Reviews-COLOMBIA_LUXURY_TRAVEL-Santa_Marta_Santa_Marta_Municipality_Magdalena_Department.html,SantaMarta,COLOMBIA LUXURY TRAVEL,,,
222. Rtc transporte santa Marta,https://www.tripadvisor.co/Attraction_Review-g297484-d17756693-Reviews-Rtc_transporte_santa_Marta-Santa_Marta_Santa_Marta_Municipality_Magdalena_Depart.html,SantaMarta,Rtc transporte santa Marta,,,
223. Tayrona Park Trips,https://www.tripadvisor.co/Attraction_Review-g297484-d19092483-Reviews-Tayrona_Park_Trips-Santa_Marta_Santa_Marta_Municipality_Magdalena_Department.html,SantaMarta,Tayrona Park Trips,,,
224. Jaguar Expeditions Colombia,https://www.tripadvisor.co/Attraction_Review-g297484-d15099690-Reviews-Jaguar_Expeditions_Colombia-Santa_Marta_Santa_Marta_Municipality_Magdalena_Depar.html,SantaMarta,Jaguar Expeditions Colombia,,,
225. Boats4U,https://www.tripadvisor.co/Attraction_Review-g297484-d15181197-Reviews-Boats4U-Santa_Marta_Santa_Marta_Municipality_Magdalena_Department.html,SantaMarta,Boats4U,,,
226. Tayrona Trips-Day Tours,https://www.tripadvisor.co/Attraction_Review-g297484-d4133149-Reviews-Tayrona_Trips-Santa_Marta_Santa_Marta_Municipality_Magdalena_Department.html,SantaMarta,Tayrona Trips-Day Tours,,,
227. Paddle Santa Marta,https://www.tripadvisor.co/Attraction_Review-g297484-d11729151-Reviews-Paddle_Santa_Marta-Santa_Marta_Santa_Marta_Municipality_Magdalena_Department.html,SantaMarta,Paddle Santa Marta,,,
228. Carpe Diem,https://www.tripadvisor.co/Attraction_Review-g297484-d11715999-Reviews-Carpe_Diem-Santa_Marta_Santa_Marta_Municipality_Magdalena_Department.html,SantaMarta,Carpe Diem,,,
229. Taganga Viajes y Turismo,https://www.tripadvisor.co/Attraction_Review-g297484-d16932572-Reviews-Taganga_Viajes_y_Turismo-Santa_Marta_Santa_Marta_Municipality_Magdalena_Departme.html,SantaMarta,Taganga Viajes y Turismo,,,
230. Explora Santa Marta Travel Viajes y Turismo,https://www.tripadvisor.co/Attraction_Review-g297484-d8661383-Reviews-Explora_Santa_Marta_Travel_Viajes_y_Turismo-Santa_Marta_Santa_Marta_Municipality_.html,SantaMarta,Explora Santa Marta Travel Viajes y Turismo,,,
231. Kayak Club and Hostel Beach Lovers,https://www.tripadvisor.co/Attraction_Review-g297484-d10948456-Reviews-Kayak_Club_and_Hostel_Beach_Lovers-Santa_Marta_Santa_Marta_Municipality_Magdalen.html,SantaMarta,Kayak Club and Hostel Beach Lovers,,,
232. Palma Travel,https://www.tripadvisor.co/Attraction_Review-g297484-d19186391-Reviews-Palma_Travel-Santa_Marta_Santa_Marta_Municipality_Magdalena_Department.html,SantaMarta,Palma Travel,,,
233. Eureka Ecotours,https://www.tripadvisor.co/Attraction_Review-g297484-d12214646-Reviews-Eureka_Ecotours-Santa_Marta_Santa_Marta_Municipality_Magdalena_Department.html,SantaMarta,Eureka Ecotours,,,
234. Samaland Travel & Tour,https://www.tripadvisor.co/Attraction_Review-g297484-d15581885-Reviews-Samaland_Travel_Tour-Santa_Marta_Santa_Marta_Municipality_Magdalena_Department.html,SantaMarta,Samaland Travel & Tour,,,
235. Howlanders,https://www.tripadvisor.co/Attraction_Review-g297484-d23741323-Reviews-Howlanders-Santa_Marta_Santa_Marta_Municipality_Magdalena_Department.html,SantaMarta,Howlanders,,,
236. Rentar Victoria Transfers and Tours,https://www.tripadvisor.co/Attraction_Review-g297484-d17615978-Reviews-Rentar_Victoria_Transfers_and_Tours-Santa_Marta_Santa_Marta_Municipality_Magdale.html,SantaMarta,Rentar Victoria Transfers and Tours,,,
237. La Aventura Del Mar,https://www.tripadvisor.co/Attraction_Review-g297484-d14009967-Reviews-La_Aventura_Del_Mar-Santa_Marta_Santa_Marta_Municipality_Magdalena_Department.html,SantaMarta,La Aventura Del Mar,,,
238. Tamaca Tours,https://www.tripadvisor.co/Attraction_Review-g297484-d21345149-Reviews-Tamaca_Tours-Santa_Marta_Santa_Marta_Municipality_Magdalena_Department.html,SantaMarta,Tamaca Tours,,,
239. Sierra Travel,https://www.tripadvisor.co/Attraction_Review-g297484-d12473840-Reviews-Sierra_Travel-Santa_Marta_Santa_Marta_Municipality_Magdalena_Department.html,SantaMarta,Sierra Travel,,,
240. Bairs Paramotor,https://www.tripadvisor.co/Attraction_Review-g297484-d9797207-Reviews-Bairs_Paramotor-Santa_Marta_Santa_Marta_Municipality_Magdalena_Department.html,SantaMarta,Bairs Paramotor,,,
271. Diamonds Yachts,https://www.tripadvisor.co/Attraction_Review-g297484-d16708294-Reviews-Diamonds_Yachts-Santa_Marta_Santa_Marta_Municipality_Magdalena_Department.html,SantaMarta,Diamonds Yachts,,,
272. EVOT,https://www.tripadvisor.co/Attraction_Review-g297484-d23514949-Reviews-EVOT-Santa_Marta_Santa_Marta_Municipality_Magdalena_Department.html,SantaMarta,EVOT,,,
273. Tu Hobby Travel,https://www.tripadvisor.co/Attraction_Review-g297484-d23346169-Reviews-Tu_Hobby_Travel-Santa_Marta_Santa_Marta_Municipality_Magdalena_Department.html,SantaMarta,Tu Hobby Travel,,,
274. BIGFISH.HOSTAL,https://www.tripadvisor.co/Attraction_Review-g297484-d19996655-Reviews-BIGFISH_HOSTAL-Santa_Marta_Santa_Marta_Municipality_Magdalena_Department.html,SantaMarta,BIGFISH.HOSTAL,,,
275. Santa Marta Sup Club,https://www.tripadvisor.co/Attraction_Review-g297484-d9859491-Reviews-Santa_Marta_Sup_Club-Santa_Marta_Santa_Marta_Municipality_Magdalena_Department.html,SantaMarta,Santa Marta Sup Club,,,
276. Macondo Surreal,https://www.tripadvisor.co/Attraction_Review-g297484-d25028260-Reviews-Macondo_Surreal-Santa_Marta_Santa_Marta_Municipality_Magdalena_Department.html,SantaMarta,Macondo Surreal,,,
277. Tropiko Bar,https://www.tripadvisor.co/Attraction_Review-g297484-d17950182-Reviews-Tropiko_Bar-Santa_Marta_Santa_Marta_Municipality_Magdalena_Department.html,SantaMarta,Tropiko Bar,,,
278. Taytours Agencia de Turismo,https://www.tripadvisor.co/Attraction_Review-g297484-d17216243-Reviews-Taytours_Agencia_de_Turismo-Santa_Marta_Santa_Marta_Municipality_Magdalena_Depar.html,SantaMarta,Taytours Agencia de Turismo,,,
279. SKY TOURS SMR,https://www.tripadvisor.co/Attraction_Review-g297484-d18852785-Reviews-SKY_TOURS_SMR-Santa_Marta_Santa_Marta_Municipality_Magdalena_Department.html,SantaMarta,SKY TOURS SMR,,,
280. Bamba,https://www.tripadvisor.co/Attraction_Review-g297484-d20825739-Reviews-Bamba-Santa_Marta_Santa_Marta_Municipality_Magdalena_Department.html,SantaMarta,Bamba,,,
281. ViveTu Viajes,https://www.tripadvisor.co/Attraction_Review-g297484-d18891757-Reviews-ViveTu_Viajes-Santa_Marta_Santa_Marta_Municipality_Magdalena_Department.html,SantaMarta,ViveTu Viajes,,,
282. Alquiler Yate Perla del Caribe,https://www.tripadvisor.co/Attraction_Review-g297484-d24075423-Reviews-Alquiler_Yate_Perla_del_Caribe-Santa_Marta_Santa_Marta_Municipality_Magdalena_De.html,SantaMarta,Alquiler Yate Perla del Caribe,,,
283. Tu alma viajera,https://www.tripadvisor.co/Attraction_Review-g297484-d19103853-Reviews-Tu_alma_viajera-Santa_Marta_Santa_Marta_Municipality_Magdalena_Department.html,SantaMarta,Tu alma viajera,,,
284. ELizabeth Eu,https://www.tripadvisor.co/Attraction_Review-g297484-d14098228-Reviews-ELIZABETH_E_U-Santa_Marta_Santa_Marta_Municipality_Magdalena_Department.html,SantaMarta,ELizabeth Eu,,,
285. TOURS R´US,https://www.tripadvisor.co/Attraction_Review-g297484-d17611862-Reviews-TOURS_R_US-Santa_Marta_Santa_Marta_Municipality_Magdalena_Department.html,SantaMarta,TOURS R´US,,,
286. Tierra Nativa,https://www.tripadvisor.co/Attraction_Review-g297484-d22730807-Reviews-Tierra_Nativa-Santa_Marta_Santa_Marta_Municipality_Magdalena_Department.html,SantaMarta,Tierra Nativa,,,
287. DIVERSITRIP,https://www.tripadvisor.co/Attraction_Review-g297484-d23028124-Reviews-DIVERSITRIP-Santa_Marta_Santa_Marta_Municipality_Magdalena_Department.html,SantaMarta,DIVERSITRIP,,,
288. Azul Travel Tour Operador,https://www.tripadvisor.co/Attraction_Review-g297484-d23098764-Reviews-Azul_Travel_Tour_Operador-Santa_Marta_Santa_Marta_Municipality_Magdalena_Departm.html,SantaMarta,Azul Travel Tour Operador,,,
289. TRAIR COLOMBIA,https://www.tripadvisor.co/Attraction_Review-g297484-d17600059-Reviews-TRAIR_COLOMBIA-Santa_Marta_Santa_Marta_Municipality_Magdalena_Department.html,SantaMarta,TRAIR COLOMBIA,,,
290. Pasquale Pacicca Luigi,https://www.tripadvisor.co/Attraction_Review-g297484-d19426388-Reviews-Pasquale_Pacicca_Luigi-Santa_Marta_Santa_Marta_Municipality_Magdalena_Department.html,SantaMarta,Pasquale Pacicca Luigi,,,
291. Lucie Lacaf,https://www.tripadvisor.co/Attraction_Review-g297484-d17582574-Reviews-Lucie_Lacaf-Santa_Marta_Santa_Marta_Municipality_Magdalena_Department.html,SantaMarta,Lucie Lacaf,,,
292. Minca Tours,https://www.tripadvisor.co/Attraction_Review-g297484-d23581349-Reviews-Minca_Tours-Santa_Marta_Santa_Marta_Municipality_Magdalena_Department.html,SantaMarta,Minca Tours,,,
293. Colombia Tours 97 S.A.S,https://www.tripadvisor.co/Attraction_Review-g297484-d23858593-Reviews-Colombia_Tours_97_S_A_S-Santa_Marta_Santa_Marta_Municipality_Magdalena_Departmen.html,SantaMarta,Colombia Tours 97 S.A.S,,,
294. Uber Travel SM,https://www.tripadvisor.co/Attraction_Review-g297484-d24953463-Reviews-Uber_Travel_SM-Santa_Marta_Santa_Marta_Municipality_Magdalena_Department.html,SantaMarta,Uber Travel SM,,,
295. VEGA'S TOUR,https://www.tripadvisor.co/Attraction_Review-g297484-d20264358-Reviews-VEGA_S_TOUR-Santa_Marta_Santa_Marta_Municipality_Magdalena_Department.html,SantaMarta,VEGA'S TOUR,,,
296. LAFI-living and foodies,https://www.tripadvisor.co/Attraction_Review-g297484-d21534049-Reviews-LAFI_living_and_foodies-Santa_Marta_Santa_Marta_Municipality_Magdalena_Departmen.html,SantaMarta,LAFI-living and foodies,,,
297. Greens Travel co,https://www.tripadvisor.co/Attraction_Review-g297484-d25132006-Reviews-Greens_Travel_co-Santa_Marta_Santa_Marta_Municipality_Magdalena_Department.html,SantaMarta,Greens Travel co,,,
298. Rivas Tours,https://www.tripadvisor.co/Attraction_Review-g297484-d25003002-Reviews-Rivas_Tours-Santa_Marta_Santa_Marta_Municipality_Magdalena_Department.html,SantaMarta,Rivas Tours,,,
299. Vacaciones y Negocios en Colombia,https://www.tripadvisor.co/Attraction_Review-g297484-d23412078-Reviews-Vacaciones_y_Negocios_en_Colombia-Santa_Marta_Santa_Marta_Municipality_Magdalena.html,SantaMarta,Vacaciones y Negocios en Colombia,,,
300. MAR PICADO TRAVEL S.A.S.,https://www.tripadvisor.co/Attraction_Review-g297484-d19078894-Reviews-MAR_PICADO_TRAVEL_S_A_S-Santa_Marta_Santa_Marta_Municipality_Magdalena_Departmen.html,SantaMarta,MAR PICADO TRAVEL S.A.S.,,,
